IDs,In_Time,Out_Time
1,200007.108448,200015.753668
2,200017.2223853,200061.4421759
3,200021.4673561,200024.0180711
6,200027.2934421,200032.533612
8,200047.5773228,200060.6290323
10,200064.6299817,
